BEGIN;

INSERT INTO teams (id, number, title, accent, progress, password) VALUES ('team-01', '01', 'Digital Twin for Warehouse Opt', '#0079BF', 85, 'capstone2026') ON CONFLICT (id) DO NOTHING;
INSERT INTO team_members (id, team_id, name, sid, role, mobile, color, initials, idx) VALUES ('team-01-220012117', 'team-01', 'Khondakar Mujtaba Tahmid', '220012117', 'Team Lead', '01533160416', '#EF4444', 'KM', 0) ON CONFLICT (id) DO NOTHING;
INSERT INTO team_members (id, team_id, name, sid, role, mobile, color, initials, idx) VALUES ('team-01-220012101', 'team-01', 'Khandker Jami-Uz Zaman', '220012101', 'Member', '01859664551', '#F97316', 'KJ', 1) ON CONFLICT (id) DO NOTHING;
INSERT INTO team_members (id, team_id, name, sid, role, mobile, color, initials, idx) VALUES ('team-01-220012143', 'team-01', 'Sayed Mohammad Rejwan', '220012143', 'Member', '01683411440', '#EAB308', 'SM', 2) ON CONFLICT (id) DO NOTHING;
INSERT INTO team_members (id, team_id, name, sid, role, mobile, color, initials, idx) VALUES ('team-01-220012130', 'team-01', 'Ashrarul Haque', '220012130', 'Member', '01300057062', '#22C55E', 'AH', 3) ON CONFLICT (id) DO NOTHING;
INSERT INTO team_members (id, team_id, name, sid, role, mobile, color, initials, idx) VALUES ('team-01-220012131', 'team-01', 'Arafat Bin Hossain', '220012131', 'Member', '01712613531', '#3B82F6', 'AB', 4) ON CONFLICT (id) DO NOTHING;
INSERT INTO team_members (id, team_id, name, sid, role, mobile, color, initials, idx) VALUES ('team-01-220012163', 'team-01', 'Mahdi Haider Bin Mosharaf', '220012163', 'Member', '01518349258', '#6366F1', 'MH', 5) ON CONFLICT (id) DO NOTHING;
INSERT INTO teams (id, number, title, accent, progress, password) VALUES ('team-02', '02', 'Pyrolysis Reactor Optimization', '#EB5A46', 42, 'capstone2026') ON CONFLICT (id) DO NOTHING;
INSERT INTO team_members (id, team_id, name, sid, role, mobile, color, initials, idx) VALUES ('team-02-220012102', 'team-02', 'Ashfakul Islam Tihami', '220012102', 'Team Lead', '01712345678', '#EF4444', 'AI', 0) ON CONFLICT (id) DO NOTHING;
INSERT INTO team_members (id, team_id, name, sid, role, mobile, color, initials, idx) VALUES ('team-02-220012114', 'team-02', 'A.H.M. Fardil', '220012114', 'Member', '01723456789', '#F97316', 'AF', 1) ON CONFLICT (id) DO NOTHING;
INSERT INTO team_members (id, team_id, name, sid, role, mobile, color, initials, idx) VALUES ('team-02-220012142', 'team-02', 'Md. Safi-Al-Tajrian', '220012142', 'Member', '01734567890', '#EAB308', 'MS', 2) ON CONFLICT (id) DO NOTHING;
INSERT INTO team_members (id, team_id, name, sid, role, mobile, color, initials, idx) VALUES ('team-02-220012144', 'team-02', 'M. S. Zaber', '220012144', 'Member', '01745678901', '#22C55E', 'MS', 3) ON CONFLICT (id) DO NOTHING;
INSERT INTO team_members (id, team_id, name, sid, role, mobile, color, initials, idx) VALUES ('team-02-220012161', 'team-02', 'Miraz Hossain', '220012161', 'Member', '01756789012', '#3B82F6', 'MH', 4) ON CONFLICT (id) DO NOTHING;
INSERT INTO team_members (id, team_id, name, sid, role, mobile, color, initials, idx) VALUES ('team-02-220012154', 'team-02', 'A K M Faysal', '220012154', 'Member', '01767890123', '#6366F1', 'AK', 5) ON CONFLICT (id) DO NOTHING;
INSERT INTO teams (id, number, title, accent, progress, password) VALUES ('team-03', '03', 'Ergonomic Workstation Redesign', '#61BD4F', 15, 'capstone2026') ON CONFLICT (id) DO NOTHING;
INSERT INTO team_members (id, team_id, name, sid, role, mobile, color, initials, idx) VALUES ('team-03-220012122', 'team-03', 'Shahrier Mahmud', '220012122', 'Team Lead', '01812345678', '#EF4444', 'SM', 0) ON CONFLICT (id) DO NOTHING;
INSERT INTO team_members (id, team_id, name, sid, role, mobile, color, initials, idx) VALUES ('team-03-220012128', 'team-03', 'Md. Ishtiaque Morshed', '220012128', 'Member', '01823456789', '#F97316', 'MI', 1) ON CONFLICT (id) DO NOTHING;
INSERT INTO team_members (id, team_id, name, sid, role, mobile, color, initials, idx) VALUES ('team-03-220012123', 'team-03', 'Mashrur Ahmed', '220012123', 'Member', '01834567890', '#EAB308', 'MA', 2) ON CONFLICT (id) DO NOTHING;
INSERT INTO team_members (id, team_id, name, sid, role, mobile, color, initials, idx) VALUES ('team-03-220012124', 'team-03', 'Rayan Ahmed', '220012124', 'Member', '01845678901', '#22C55E', 'RA', 3) ON CONFLICT (id) DO NOTHING;
INSERT INTO team_members (id, team_id, name, sid, role, mobile, color, initials, idx) VALUES ('team-03-220012125', 'team-03', 'Farhan Ishrak', '220012125', 'Member', '01856789012', '#3B82F6', 'FI', 4) ON CONFLICT (id) DO NOTHING;
INSERT INTO team_members (id, team_id, name, sid, role, mobile, color, initials, idx) VALUES ('team-03-220012126', 'team-03', 'Anindo Podder', '220012126', 'Member', '01867890123', '#6366F1', 'AP', 5) ON CONFLICT (id) DO NOTHING;
INSERT INTO teams (id, number, title, accent, progress, password) VALUES ('team-04', '04', 'IoT Water Purification Setup', '#C377E0', 92, 'capstone2026') ON CONFLICT (id) DO NOTHING;
INSERT INTO team_members (id, team_id, name, sid, role, mobile, color, initials, idx) VALUES ('team-04-220012120', 'team-04', 'Fabiha Binte Rahman', '220012120', 'Team Lead', '01511111111', '#EF4444', 'FB', 0) ON CONFLICT (id) DO NOTHING;
INSERT INTO team_members (id, team_id, name, sid, role, mobile, color, initials, idx) VALUES ('team-04-220012110', 'team-04', 'Anika Tabassum', '220012110', 'Member', '01522222222', '#F97316', 'AT', 1) ON CONFLICT (id) DO NOTHING;
INSERT INTO team_members (id, team_id, name, sid, role, mobile, color, initials, idx) VALUES ('team-04-220012115', 'team-04', 'Sanjida Akter', '220012115', 'Member', '01533333333', '#EAB308', 'SA', 2) ON CONFLICT (id) DO NOTHING;
INSERT INTO team_members (id, team_id, name, sid, role, mobile, color, initials, idx) VALUES ('team-04-220012118', 'team-04', 'Sumaiya Binte Hossain', '220012118', 'Member', '01544444444', '#22C55E', 'SB', 3) ON CONFLICT (id) DO NOTHING;
INSERT INTO team_members (id, team_id, name, sid, role, mobile, color, initials, idx) VALUES ('team-04-220012135', 'team-04', 'Sadia Afrin', '220012135', 'Member', '01555555555', '#3B82F6', 'SA', 4) ON CONFLICT (id) DO NOTHING;
INSERT INTO team_members (id, team_id, name, sid, role, mobile, color, initials, idx) VALUES ('team-04-220012140', 'team-04', 'Nusrat Jahan', '220012140', 'Member', '01566666666', '#6366F1', 'NJ', 5) ON CONFLICT (id) DO NOTHING;
INSERT INTO teams (id, number, title, accent, progress, password) VALUES ('team-05', '05', 'Predictive Maintenance via AI', '#D29034', 71, 'capstone2026') ON CONFLICT (id) DO NOTHING;
INSERT INTO team_members (id, team_id, name, sid, role, mobile, color, initials, idx) VALUES ('team-05-220012107', 'team-05', 'Nabilah Ahnaf Noshin', '220012107', 'Team Lead', '01734176457', '#EF4444', 'NA', 0) ON CONFLICT (id) DO NOTHING;
INSERT INTO team_members (id, team_id, name, sid, role, mobile, color, initials, idx) VALUES ('team-05-220012153', 'team-05', 'Jakia Yeasmin Prya', '220012153', 'Member', '01628583229', '#F97316', 'JY', 1) ON CONFLICT (id) DO NOTHING;
INSERT INTO team_members (id, team_id, name, sid, role, mobile, color, initials, idx) VALUES ('team-05-220012129', 'team-05', 'Sadat Saif Zaman', '220012129', 'Member', '01724904997', '#EAB308', 'SS', 2) ON CONFLICT (id) DO NOTHING;
INSERT INTO team_members (id, team_id, name, sid, role, mobile, color, initials, idx) VALUES ('team-05-220012155', 'team-05', 'Syed Ahnaf Tahmid Haque', '220012155', 'Member', '01406485875', '#22C55E', 'SA', 3) ON CONFLICT (id) DO NOTHING;
INSERT INTO team_members (id, team_id, name, sid, role, mobile, color, initials, idx) VALUES ('team-05-220012111', 'team-05', 'Md. Nafis Alam', '220012111', 'Member', '01790212170', '#3B82F6', 'MN', 4) ON CONFLICT (id) DO NOTHING;
INSERT INTO team_members (id, team_id, name, sid, role, mobile, color, initials, idx) VALUES ('team-05-220012149', 'team-05', 'Tasnuva Parvez', '220012149', 'Member', '01866690075', '#6366F1', 'TP', 5) ON CONFLICT (id) DO NOTHING;
INSERT INTO team_members (id, team_id, name, sid, role, mobile, color, initials, idx) VALUES ('team-05-220012156', 'team-05', 'Shekh Adnan Uddin Antu', '220012156', 'Member', '01319784145', '#A855F7', 'SA', 6) ON CONFLICT (id) DO NOTHING;
INSERT INTO team_members (id, team_id, name, sid, role, mobile, color, initials, idx) VALUES ('team-05-220012165', 'team-05', 'Umme Honey Bisma', '220012165', 'Member', '01681707040', '#EC4899', 'UH', 7) ON CONFLICT (id) DO NOTHING;
INSERT INTO team_members (id, team_id, name, sid, role, mobile, color, initials, idx) VALUES ('team-05-220012138', 'team-05', 'Md. Ahnaf Sabit', '220012138', 'Member', '01327265009', '#EF4444', 'MA', 8) ON CONFLICT (id) DO NOTHING;
INSERT INTO tasks (id, team_id, title, status, assignee_idx, week, labels, comment_count, attachment_count) VALUES ('team-01-t1', 'team-01', 'Literature review — Discrete Event Simulation', 'done', 1, 2, '{"research"}', 0, 0) ON CONFLICT (id) DO NOTHING;
INSERT INTO tasks (id, team_id, title, status, assignee_idx, week, labels, comment_count, attachment_count) VALUES ('team-01-t2', 'team-01', 'Collect warehouse layout & flow data', 'done', 2, 5, '{"fieldwork"}', 3, 0) ON CONFLICT (id) DO NOTHING;
INSERT INTO tasks (id, team_id, title, status, assignee_idx, week, labels, comment_count, attachment_count) VALUES ('team-01-t3', 'team-01', 'Map existing value stream (VSM)', 'done', 0, 7, '{"design"}', 2, 0) ON CONFLICT (id) DO NOTHING;
INSERT INTO tasks (id, team_id, title, status, assignee_idx, week, labels, comment_count, attachment_count) VALUES ('team-01-t4', 'team-01', 'Proposal defense', 'done', 0, 11, '{"defense"}', 1, 0) ON CONFLICT (id) DO NOTHING;
INSERT INTO tasks (id, team_id, title, status, assignee_idx, week, labels, comment_count, attachment_count) VALUES ('team-01-t5', 'team-01', 'Build baseline FlexSim model', 'done', 3, 14, '{"software"}', 0, 0) ON CONFLICT (id) DO NOTHING;
INSERT INTO tasks (id, team_id, title, status, assignee_idx, week, labels, comment_count, attachment_count) VALUES ('team-01-t6', 'team-01', 'Model validation vs historical throughput', 'done', 4, 16, '{"data"}', 3, 0) ON CONFLICT (id) DO NOTHING;
INSERT INTO tasks (id, team_id, title, status, assignee_idx, week, labels, comment_count, attachment_count) VALUES ('team-01-t7', 'team-01', 'Draft AGV routing scenarios', 'review', 5, 18, '{"design"}', 2, 0) ON CONFLICT (id) DO NOTHING;
INSERT INTO tasks (id, team_id, title, status, assignee_idx, week, labels, comment_count, attachment_count) VALUES ('team-01-t8', 'team-01', 'Run scenario analysis (5 bots vs 10 bots)', 'doing', 3, 18, '{"software"}', 1, 0) ON CONFLICT (id) DO NOTHING;
INSERT INTO tasks (id, team_id, title, status, assignee_idx, week, labels, comment_count, attachment_count) VALUES ('team-01-t9', 'team-01', 'Calculate ROI for optimal layout', 'todo', 1, 22, '{"report"}', 0, 0) ON CONFLICT (id) DO NOTHING;
INSERT INTO tasks (id, team_id, title, status, assignee_idx, week, labels, comment_count, attachment_count) VALUES ('team-01-t10', 'team-01', 'Final presentation prep', 'todo', 0, 26, '{"deliverable"}', 3, 0) ON CONFLICT (id) DO NOTHING;
INSERT INTO tasks (id, team_id, title, status, assignee_idx, week, labels, comment_count, attachment_count) VALUES ('team-01-t11', 'team-01', 'Submit thesis draft', 'todo', 2, 28, '{"report"}', 2, 0) ON CONFLICT (id) DO NOTHING;
INSERT INTO tasks (id, team_id, title, status, assignee_idx, week, labels, comment_count, attachment_count) VALUES ('team-02-t1', 'team-02', 'Literature review — LDPE Pyrolysis', 'done', 1, 3, '{"research"}', 0, 0) ON CONFLICT (id) DO NOTHING;
INSERT INTO tasks (id, team_id, title, status, assignee_idx, week, labels, comment_count, attachment_count) VALUES ('team-02-t2', 'team-02', 'Lab safety clearance', 'done', 0, 4, '{"admin"}', 3, 0) ON CONFLICT (id) DO NOTHING;
INSERT INTO tasks (id, team_id, title, status, assignee_idx, week, labels, comment_count, attachment_count) VALUES ('team-02-t3', 'team-02', 'Procure reactor vessel & PID controller', 'done', 2, 7, '{"procurement"}', 2, 0) ON CONFLICT (id) DO NOTHING;
INSERT INTO tasks (id, team_id, title, status, assignee_idx, week, labels, comment_count, attachment_count) VALUES ('team-02-t4', 'team-02', 'Proposal defense', 'done', 0, 12, '{"defense"}', 1, 0) ON CONFLICT (id) DO NOTHING;
INSERT INTO tasks (id, team_id, title, status, assignee_idx, week, labels, comment_count, attachment_count) VALUES ('team-02-t5', 'team-02', 'Assemble heating mantle & condenser', 'done', 3, 14, '{"build"}', 0, 0) ON CONFLICT (id) DO NOTHING;
INSERT INTO tasks (id, team_id, title, status, assignee_idx, week, labels, comment_count, attachment_count) VALUES ('team-02-t6', 'team-02', 'Leak testing with inert gas (N2)', 'done', 4, 15, '{"hardware"}', 3, 0) ON CONFLICT (id) DO NOTHING;
INSERT INTO tasks (id, team_id, title, status, assignee_idx, week, labels, comment_count, attachment_count) VALUES ('team-02-t7', 'team-02', 'First batch test (LDPE at 400°C)', 'review', 5, 17, '{"fieldwork"}', 2, 0) ON CONFLICT (id) DO NOTHING;
INSERT INTO tasks (id, team_id, title, status, assignee_idx, week, labels, comment_count, attachment_count) VALUES ('team-02-t8', 'team-02', 'GC-MS analysis of oil sample #1', 'doing', 1, 18, '{"data"}', 1, 0) ON CONFLICT (id) DO NOTHING;
INSERT INTO tasks (id, team_id, title, status, assignee_idx, week, labels, comment_count, attachment_count) VALUES ('team-02-t9', 'team-02', 'Optimize temperature ramp rate', 'todo', 3, 20, '{"design"}', 0, 0) ON CONFLICT (id) DO NOTHING;
INSERT INTO tasks (id, team_id, title, status, assignee_idx, week, labels, comment_count, attachment_count) VALUES ('team-02-t10', 'team-02', 'Scale up batch size to 500g', 'todo', 4, 23, '{"build"}', 3, 0) ON CONFLICT (id) DO NOTHING;
INSERT INTO tasks (id, team_id, title, status, assignee_idx, week, labels, comment_count, attachment_count) VALUES ('team-02-t11', 'team-02', 'Final report compilation', 'todo', 0, 27, '{"report"}', 2, 0) ON CONFLICT (id) DO NOTHING;
INSERT INTO tasks (id, team_id, title, status, assignee_idx, week, labels, comment_count, attachment_count) VALUES ('team-03-t1', 'team-03', 'Literature review — RULA & REBA methodologies', 'done', 1, 2, '{"research"}', 0, 0) ON CONFLICT (id) DO NOTHING;
INSERT INTO tasks (id, team_id, title, status, assignee_idx, week, labels, comment_count, attachment_count) VALUES ('team-03-t2', 'team-03', 'Identify target manufacturing plant', 'done', 2, 4, '{"admin"}', 3, 0) ON CONFLICT (id) DO NOTHING;
INSERT INTO tasks (id, team_id, title, status, assignee_idx, week, labels, comment_count, attachment_count) VALUES ('team-03-t3', 'team-03', 'Initial video capture of operator postures', 'done', 3, 6, '{"fieldwork"}', 2, 0) ON CONFLICT (id) DO NOTHING;
INSERT INTO tasks (id, team_id, title, status, assignee_idx, week, labels, comment_count, attachment_count) VALUES ('team-03-t4', 'team-03', 'Proposal defense', 'done', 0, 12, '{"defense"}', 1, 0) ON CONFLICT (id) DO NOTHING;
INSERT INTO tasks (id, team_id, title, status, assignee_idx, week, labels, comment_count, attachment_count) VALUES ('team-03-t5', 'team-03', 'Analyze posture data (baseline RULA score)', 'done', 4, 15, '{"data"}', 0, 0) ON CONFLICT (id) DO NOTHING;
INSERT INTO tasks (id, team_id, title, status, assignee_idx, week, labels, comment_count, attachment_count) VALUES ('team-03-t6', 'team-03', 'Identify high-risk bottlenecks', 'done', 5, 16, '{"design"}', 3, 0) ON CONFLICT (id) DO NOTHING;
INSERT INTO tasks (id, team_id, title, status, assignee_idx, week, labels, comment_count, attachment_count) VALUES ('team-03-t7', 'team-03', 'Draft new CAD layout for workstation', 'review', 1, 18, '{"design"}', 2, 0) ON CONFLICT (id) DO NOTHING;
INSERT INTO tasks (id, team_id, title, status, assignee_idx, week, labels, comment_count, attachment_count) VALUES ('team-03-t8', 'team-03', 'Fabricate 1:1 scale cardboard mockup', 'doing', 2, 19, '{"build"}', 1, 0) ON CONFLICT (id) DO NOTHING;
INSERT INTO tasks (id, team_id, title, status, assignee_idx, week, labels, comment_count, attachment_count) VALUES ('team-03-t9', 'team-03', 'Operator feedback on mockup', 'todo', 3, 21, '{"fieldwork"}', 0, 0) ON CONFLICT (id) DO NOTHING;
INSERT INTO tasks (id, team_id, title, status, assignee_idx, week, labels, comment_count, attachment_count) VALUES ('team-03-t10', 'team-03', 'Cost-benefit analysis of redesign', 'todo', 4, 25, '{"report"}', 3, 0) ON CONFLICT (id) DO NOTHING;
INSERT INTO tasks (id, team_id, title, status, assignee_idx, week, labels, comment_count, attachment_count) VALUES ('team-03-t11', 'team-03', 'Final presentation prep', 'todo', 0, 27, '{"deliverable"}', 2, 0) ON CONFLICT (id) DO NOTHING;
INSERT INTO tasks (id, team_id, title, status, assignee_idx, week, labels, comment_count, attachment_count) VALUES ('team-04-t1', 'team-04', 'Literature review — Low-cost IoT water sensing', 'done', 1, 2, '{"research"}', 0, 0) ON CONFLICT (id) DO NOTHING;
INSERT INTO tasks (id, team_id, title, status, assignee_idx, week, labels, comment_count, attachment_count) VALUES ('team-04-t2', 'team-04', 'Site visit: Savar industrial effluent drain', 'done', 2, 5, '{"fieldwork"}', 3, 0) ON CONFLICT (id) DO NOTHING;
INSERT INTO tasks (id, team_id, title, status, assignee_idx, week, labels, comment_count, attachment_count) VALUES ('team-04-t3', 'team-04', 'Sensor selection (pH, TDS, turbidity, ORP)', 'done', 3, 9, '{"hardware"}', 2, 0) ON CONFLICT (id) DO NOTHING;
INSERT INTO tasks (id, team_id, title, status, assignee_idx, week, labels, comment_count, attachment_count) VALUES ('team-04-t4', 'team-04', 'Proposal defense', 'done', 0, 13, '{"defense"}', 1, 0) ON CONFLICT (id) DO NOTHING;
INSERT INTO tasks (id, team_id, title, status, assignee_idx, week, labels, comment_count, attachment_count) VALUES ('team-04-t5', 'team-04', 'Sensor integration with ESP32 + cloud logging', 'done', 4, 16, '{"hardware"}', 0, 0) ON CONFLICT (id) DO NOTHING;
INSERT INTO tasks (id, team_id, title, status, assignee_idx, week, labels, comment_count, attachment_count) VALUES ('team-04-t6', 'team-04', 'Filter stack design (sand → carbon → UV)', 'review', 5, 17, '{"design"}', 3, 0) ON CONFLICT (id) DO NOTHING;
INSERT INTO tasks (id, team_id, title, status, assignee_idx, week, labels, comment_count, attachment_count) VALUES ('team-04-t7', 'team-04', 'Purification rig assembly', 'doing', 3, 18, '{"build"}', 2, 0) ON CONFLICT (id) DO NOTHING;
INSERT INTO tasks (id, team_id, title, status, assignee_idx, week, labels, comment_count, attachment_count) VALUES ('team-04-t8', 'team-04', 'Threshold-based auto-dosing logic', 'doing', 4, 19, '{"software"}', 1, 0) ON CONFLICT (id) DO NOTHING;
INSERT INTO tasks (id, team_id, title, status, assignee_idx, week, labels, comment_count, attachment_count) VALUES ('team-04-t9', 'team-04', 'Live monitoring dashboard', 'todo', 0, 21, '{"deliverable"}', 0, 0) ON CONFLICT (id) DO NOTHING;
INSERT INTO tasks (id, team_id, title, status, assignee_idx, week, labels, comment_count, attachment_count) VALUES ('team-04-t10', 'team-04', 'Field validation at partner site', 'todo', 1, 24, '{"fieldwork"}', 3, 0) ON CONFLICT (id) DO NOTHING;
INSERT INTO tasks (id, team_id, title, status, assignee_idx, week, labels, comment_count, attachment_count) VALUES ('team-04-t11', 'team-04', 'Final report', 'todo', 0, 27, '{"report"}', 2, 0) ON CONFLICT (id) DO NOTHING;
INSERT INTO tasks (id, team_id, title, status, assignee_idx, week, labels, comment_count, attachment_count) VALUES ('team-05-t1', 'team-05', 'Lit review — PdM for CNC & PCB processes', 'done', 1, 3, '{"research"}', 0, 0) ON CONFLICT (id) DO NOTHING;
INSERT INTO tasks (id, team_id, title, status, assignee_idx, week, labels, comment_count, attachment_count) VALUES ('team-05-t2', 'team-05', 'CNC test bench design (spindle + accelerometer)', 'done', 2, 7, '{"design"}', 3, 0) ON CONFLICT (id) DO NOTHING;
INSERT INTO tasks (id, team_id, title, status, assignee_idx, week, labels, comment_count, attachment_count) VALUES ('team-05-t3', 'team-05', 'Procure sensors & DAQ (vibration, current, acoustic)', 'done', 0, 9, '{"procurement"}', 2, 0) ON CONFLICT (id) DO NOTHING;
INSERT INTO tasks (id, team_id, title, status, assignee_idx, week, labels, comment_count, attachment_count) VALUES ('team-05-t4', 'team-05', 'Proposal defense', 'done', 0, 12, '{"defense"}', 1, 0) ON CONFLICT (id) DO NOTHING;
INSERT INTO tasks (id, team_id, title, status, assignee_idx, week, labels, comment_count, attachment_count) VALUES ('team-05-t5', 'team-05', 'Bench assembly & baseline machining runs', 'done', 3, 15, '{"hardware"}', 0, 0) ON CONFLICT (id) DO NOTHING;
INSERT INTO tasks (id, team_id, title, status, assignee_idx, week, labels, comment_count, attachment_count) VALUES ('team-05-t6', 'team-05', 'Seeded fault dataset (tool wear, misalignment)', 'done', 4, 17, '{"data"}', 3, 0) ON CONFLICT (id) DO NOTHING;
INSERT INTO tasks (id, team_id, title, status, assignee_idx, week, labels, comment_count, attachment_count) VALUES ('team-05-t7', 'team-05', 'FFT + RMS feature extraction pipeline', 'review', 5, 18, '{"software"}', 2, 0) ON CONFLICT (id) DO NOTHING;
INSERT INTO tasks (id, team_id, title, status, assignee_idx, week, labels, comment_count, attachment_count) VALUES ('team-05-t8', 'team-05', 'CNN/LSTM classifier — first training run', 'doing', 5, 18, '{"ml"}', 1, 0) ON CONFLICT (id) DO NOTHING;
INSERT INTO tasks (id, team_id, title, status, assignee_idx, week, labels, comment_count, attachment_count) VALUES ('team-05-t9', 'team-05', 'Edge deployment on Raspberry Pi', 'doing', 2, 20, '{"hardware"}', 0, 0) ON CONFLICT (id) DO NOTHING;
INSERT INTO tasks (id, team_id, title, status, assignee_idx, week, labels, comment_count, attachment_count) VALUES ('team-05-t10', 'team-05', 'PCB drilling trial with live PdM alerts', 'todo', 0, 23, '{"fieldwork"}', 3, 0) ON CONFLICT (id) DO NOTHING;
INSERT INTO tasks (id, team_id, title, status, assignee_idx, week, labels, comment_count, attachment_count) VALUES ('team-05-t11', 'team-05', 'Final report', 'todo', 0, 27, '{"report"}', 2, 0) ON CONFLICT (id) DO NOTHING;
INSERT INTO files (team_id, name, kind, size, week, by_idx, link) VALUES ('team-01', 'Warehouse_DT_LitReview.pdf', 'pdf', '2.4 MB', 3, 1, NULL);
INSERT INTO files (team_id, name, kind, size, week, by_idx, link) VALUES ('team-01', 'Site_Layout_Capture.png', 'img', '1.1 MB', 4, 2, NULL);
INSERT INTO files (team_id, name, kind, size, week, by_idx, link) VALUES ('team-01', 'SKU_Order_Dataset.xlsx', 'xls', '480 KB', 7, 3, NULL);
INSERT INTO files (team_id, name, kind, size, week, by_idx, link) VALUES ('team-01', 'Proposal_Slides.pptx', 'ppt', '5.8 MB', 12, 0, NULL);
INSERT INTO files (team_id, name, kind, size, week, by_idx, link) VALUES ('team-01', 'MidTerm_Report.pdf', 'pdf', '3.2 MB', 14, 4, NULL);
INSERT INTO files (team_id, name, kind, size, week, by_idx, link) VALUES ('team-01', 'FlexSim_Twin_Model.fsm', 'sim', '210 KB', 18, 5, NULL);
INSERT INTO files (team_id, name, kind, size, week, by_idx, link) VALUES ('team-02', 'Pyrolysis_LitReview.pdf', 'pdf', '2.1 MB', 2, 1, NULL);
INSERT INTO files (team_id, name, kind, size, week, by_idx, link) VALUES ('team-02', 'Reactor_BoM_v2.xlsx', 'xls', '95 KB', 5, 2, NULL);
INSERT INTO files (team_id, name, kind, size, week, by_idx, link) VALUES ('team-02', 'Reactor_CAD.dwg', 'cad', '1.3 MB', 9, 3, NULL);
INSERT INTO files (team_id, name, kind, size, week, by_idx, link) VALUES ('team-02', 'Proposal_Defense.pptx', 'ppt', '6.4 MB', 12, 0, NULL);
INSERT INTO files (team_id, name, kind, size, week, by_idx, link) VALUES ('team-02', 'Batch01_LDPE_Run.csv', 'csv', '320 KB', 18, 4, NULL);
INSERT INTO files (team_id, name, kind, size, week, by_idx, link) VALUES ('team-02', 'Yield_Chromatograph.png', 'img', '740 KB', 18, 5, NULL);
INSERT INTO files (team_id, name, kind, size, week, by_idx, link) VALUES ('team-03', 'RULA_REBA_Notes.pdf', 'pdf', '1.8 MB', 3, 1, NULL);
INSERT INTO files (team_id, name, kind, size, week, by_idx, link) VALUES ('team-03', 'Anthropometric_Data.xlsx', 'xls', '310 KB', 8, 2, NULL);
INSERT INTO files (team_id, name, kind, size, week, by_idx, link) VALUES ('team-03', 'Postural_Heatmap.png', 'img', '980 KB', 15, 4, NULL);
INSERT INTO files (team_id, name, kind, size, week, by_idx, link) VALUES ('team-03', 'Workstation_Redesign.dwg', 'cad', '1.4 MB', 18, 5, NULL);
INSERT INTO files (team_id, name, kind, size, week, by_idx, link) VALUES ('team-04', 'WaterQuality_LitReview.pdf', 'pdf', '2.6 MB', 3, 1, NULL);
INSERT INTO files (team_id, name, kind, size, week, by_idx, link) VALUES ('team-04', 'Site_Sample_Results.xlsx', 'xls', '210 KB', 6, 2, NULL);
INSERT INTO files (team_id, name, kind, size, week, by_idx, link) VALUES ('team-04', 'Sensor_Wiring_Diagram.png', 'img', '880 KB', 9, 3, NULL);
INSERT INTO files (team_id, name, kind, size, week, by_idx, link) VALUES ('team-04', 'Filter_Stack_CAD.dwg', 'cad', '1.1 MB', 17, 5, NULL);
INSERT INTO files (team_id, name, kind, size, week, by_idx, link) VALUES ('team-04', 'Live_Telemetry_Log.csv', 'csv', '1.7 MB', 18, 4, NULL);
INSERT INTO files (team_id, name, kind, size, week, by_idx, link) VALUES ('team-05', 'CNC_PdM_LitReview.pdf', 'pdf', '2.0 MB', 3, 1, NULL);
INSERT INTO files (team_id, name, kind, size, week, by_idx, link) VALUES ('team-05', 'CNC_TestBench.dwg', 'cad', '1.6 MB', 7, 2, NULL);
INSERT INTO files (team_id, name, kind, size, week, by_idx, link) VALUES ('team-05', 'Baseline_Vibration.csv', 'csv', '4.2 MB', 15, 3, NULL);
INSERT INTO files (team_id, name, kind, size, week, by_idx, link) VALUES ('team-05', 'Fault_Dataset.zip', 'zip', '38 MB', 17, 4, NULL);
INSERT INTO files (team_id, name, kind, size, week, by_idx, link) VALUES ('team-05', 'CNN_Training_Notebook.ipynb', 'code', '720 KB', 18, 5, NULL);
INSERT INTO meetings (team_id, week, title, attendees, decisions) VALUES ('team-01', 4, 'Site visit debrief', 6, 3);
INSERT INTO meetings (team_id, week, title, attendees, decisions) VALUES ('team-01', 11, 'Pre-defense rehearsal', 6, 5);
INSERT INTO meetings (team_id, week, title, attendees, decisions) VALUES ('team-01', 17, 'Sim model planning', 5, 4);
INSERT INTO meetings (team_id, week, title, attendees, decisions) VALUES ('team-02', 5, 'Vendor selection', 6, 2);
INSERT INTO meetings (team_id, week, title, attendees, decisions) VALUES ('team-02', 11, 'Pre-defense rehearsal', 6, 4);
INSERT INTO meetings (team_id, week, title, attendees, decisions) VALUES ('team-02', 18, 'Calibration plan', 6, 3);
INSERT INTO meetings (team_id, week, title, attendees, decisions) VALUES ('team-03', 8, 'Survey design', 6, 4);
INSERT INTO meetings (team_id, week, title, attendees, decisions) VALUES ('team-03', 13, 'Pre-defense rehearsal', 5, 3);
INSERT INTO meetings (team_id, week, title, attendees, decisions) VALUES ('team-03', 18, 'CAD review', 4, 2);
INSERT INTO meetings (team_id, week, title, attendees, decisions) VALUES ('team-04', 6, 'Distributor interview prep', 6, 3);
INSERT INTO meetings (team_id, week, title, attendees, decisions) VALUES ('team-04', 13, 'Pre-defense rehearsal', 6, 4);
INSERT INTO meetings (team_id, week, title, attendees, decisions) VALUES ('team-04', 18, 'Sim framework kickoff', 5, 3);
INSERT INTO meetings (team_id, week, title, attendees, decisions) VALUES ('team-05', 7, 'Rig procurement', 6, 4);
INSERT INTO meetings (team_id, week, title, attendees, decisions) VALUES ('team-05', 11, 'Pre-defense rehearsal', 6, 5);
INSERT INTO meetings (team_id, week, title, attendees, decisions) VALUES ('team-05', 18, 'CNN architecture review', 6, 3);

COMMIT;
